ID,VILLAGE,S2_NDVI_June06,S2_EVI_June06,S2_SAVI_June06,S2_MSAVI_June06,S2_NDRE_June06,S2_GCI_June06,S2_NDWI_June06,S2_MNDWI_June06,S2_LSWI_June06,S2_BSI_June06,S2_NDBSI_June06,S2_Contrast_June06,S2_Homogeneity_June06,S2_Entropy_June06,S2_Energy_June06,S2_ASM_June06,S1_VV_June06,S1_VH_June06,S1_Ratio_June06,S1_Contrast_June06,S1_Homogeneity_June06,S1_Entropy_June06,S1_Energy_June06,S1_ASM_June06,S1_Incidence_June06,S2_NDVI_June19,S2_EVI_June19,S2_SAVI_June19,S2_MSAVI_June19,S2_NDRE_June19,S2_GCI_June19,S2_NDWI_June19,S2_MNDWI_June19,S2_LSWI_June19,S2_BSI_June19,S2_NDBSI_June19,S2_Contrast_June19,S2_Homogeneity_June19,S2_Entropy_June19,S2_Energy_June19,S2_ASM_June19,S1_VV_June19,S1_VH_June19,S1_Ratio_June19,S1_Contrast_June19,S1_Homogeneity_June19,S1_Entropy_June19,S1_Energy_June19,S1_ASM_June19,S1_Incidence_June19,S2_NDVI_Aug14,S2_EVI_Aug14,S2_SAVI_Aug14,S2_MSAVI_Aug14,S2_NDRE_Aug14,S2_GCI_Aug14,S2_NDWI_Aug14,S2_MNDWI_Aug14,S2_LSWI_Aug14,S2_BSI_Aug14,S2_NDBSI_Aug14,S2_Contrast_Aug14,S2_Homogeneity_Aug14,S2_Entropy_Aug14,S2_Energy_Aug14,S2_ASM_Aug14,S1_VV_Aug14,S1_VH_Aug14,S1_Ratio_Aug14,S1_Contrast_Aug14,S1_Homogeneity_Aug14,S1_Entropy_Aug14,S1_Energy_Aug14,S1_ASM_Aug14,S1_Incidence_Aug14,S2_NDVI_Oct13,S2_EVI_Oct13,S2_SAVI_Oct13,S2_MSAVI_Oct13,S2_NDRE_Oct13,S2_GCI_Oct13,S2_NDWI_Oct13,S2_MNDWI_Oct13,S2_LSWI_Oct13,S2_BSI_Oct13,S2_NDBSI_Oct13,S2_Contrast_Oct13,S2_Homogeneity_Oct13,S2_Entropy_Oct13,S2_Energy_Oct13,S2_ASM_Oct13,S1_VV_Oct13,S1_VH_Oct13,S1_Ratio_Oct13,S1_Contrast_Oct13,S1_Homogeneity_Oct13,S1_Entropy_Oct13,S1_Energy_Oct13,S1_ASM_Oct13,S1_Incidence_Oct13,peak_NDVI,NDVI_growth,NDVI_decline,vegetation_integral,vegetation_amplitude
1,Manpura,0.4022213423651347,1.8792615172966274,0.6032879380830853,0.5668918024450702,0.2909514428629376,1.3210393683048034,-0.3907808003067554,-0.27747481766527465,0.12836585890959762,-0.06897899049446712,0.14455555142489063,0.4351352013381208,0.9002089850299104,9.657397602701748,0.6010113283161655,0.3612424196733086,,,,0.0,0.0,0.0,0.0,0.0,40.04085924826385,0.4022213423651347,1.8792615172966274,0.6032879380830853,0.5668918024450702,0.2909514428629376,1.3210393683048034,-0.3907808003067554,-0.27747481766527465,0.12836585890959762,-0.06897899049446712,0.14455555142489063,0.4351352013381208,0.9002089850299104,9.657397602701748,0.6010113283161655,0.3612424196733086,,,,0.0,0.0,0.0,0.0,0.0,40.037533496988324,0.34856579884322564,3.813318511868664,0.5227995742878292,0.5088123474655918,0.23746572672832422,0.9724696641884671,-0.3159561686413434,-0.19685188926087582,0.12847602985574472,-0.07659944190587543,0.1356289440792191,0.26884423090099746,0.9655838615689555,3.5422810787750216,0.9050502311905114,0.8191223748768492,,,,0.0,0.0,0.0,0.0,0.0,40.04467590367861,0.38946003758899905,1.927978745327243,0.5841393812804236,0.5504481998761495,0.2809812278352701,1.293871991206291,-0.382934562197186,-0.29503132228293255,0.10118689188823678,-0.04957401724096454,0.12147498987984284,0.3878592361489665,0.8946049462384347,10.056162592790157,0.5967027094131242,0.35608002286467766,,,,0.0,0.0,0.0,0.0,0.0,40.03711744852863,0.4022213423651347,-0.053655543521909044,-0.040894238745773415,1.542468521162494,0.053655543521909044
2,Umeta,0.3819361103685316,2.0651724514247993,0.5728621441112701,0.5394029814733008,0.27520996989265356,1.2043985826882475,-0.3617652609752753,-0.23983493124831876,0.1361074806547328,-0.07747103446405079,0.1430225753981747,0.3064587706727624,0.9186649457247775,9.378574157979562,0.5961340094100751,0.35539098564874144,,,,0.0,0.0,0.0,0.0,0.0,39.936144393756415,0.3819361103685316,2.0651724514247993,0.5728621441112701,0.5394029814733008,0.27520996989265356,1.2043985826882475,-0.3617652609752753,-0.23983493124831876,0.1361074806547328,-0.07747103446405079,0.1430225753981747,0.3064587706727624,0.9186649457247775,9.378574157979562,0.5961340094100751,0.35539098564874144,,,,0.0,0.0,0.0,0.0,0.0,39.93281846285623,0.411662619920168,3.512062282592226,0.6174430625779439,0.5740309124930724,0.28241086122643855,1.2484263162438214,-0.3734952305402797,-0.243617324092306,0.14476802177312442,-0.09011666369045371,0.16051138400090892,0.23502133816811654,0.9655535458314478,4.48050555302725,0.8648181134552835,0.7479119816391844,,,,0.0,0.0,0.0,0.0,0.0,39.93996113039999,0.39429669363084624,1.9318077139624363,0.5913945218149081,0.547004048513427,0.283592745624018,1.3056955048955778,-0.37523930559555574,-0.2685688036741266,0.12244484350330363,-0.06977576272540381,0.13280331127392342,0.30568846779230396,0.9072085848246285,9.731885674214706,0.5914611154865989,0.34983940010741293,,,,0.0,0.0,0.0,0.0,0.0,39.9324026342325,0.411662619920168,0.029726509551636415,0.017365926289321765,1.5698315342880775,0.029726509551636415
3,Sankhyad,0.3988438486060875,1.9428421387636479,0.5982226226920327,0.5626387879397774,0.2884154116238414,1.2655513259690023,-0.38013654105031003,-0.25897756662240395,0.13581879853722081,-0.07556928422871442,0.1469714958896411,0.23072385846870624,0.9310046418074568,8.24250715871034,0.6627631266350743,0.43926039866975986,,,,0.0,0.0,0.0,0.0,0.0,39.96200030046493,0.3988438486060875,1.9428421387636479,0.5982226226920327,0.5626387879397774,0.2884154116238414,1.2655513259690023,-0.38013654105031003,-0.25897756662240395,0.13581879853722081,-0.07556928422871442,0.1469714958896411,0.23072385846870624,0.9310046418074568,8.24250715871034,0.6627631266350743,0.43926039866975986,,,,0.0,0.0,0.0,0.0,0.0,39.9586773378404,0.3568726701764215,3915223540.2887945,0.5352653738749927,0.5125236548949615,0.24015152982790822,1.0066646711077316,-0.32062510191636284,-0.20576502889953893,0.12515878185708604,-0.07645593874122988,0.1491247250932504,0.2218632892973348,0.955111887361809,6.354768136241912,0.7912039493445582,0.6260062097948951,,,,0.0,0.0,0.0,0.0,0.0,39.96581134801666,0.4034267987166556,880239995.5813735,0.6050886853953535,0.5626801772563894,0.2904072062247181,1.3440234288673394,-0.39043482572875016,-0.2905617851841926,0.11522692935333362,-0.06099979955642311,0.13256539192153835,0.2072708227650279,0.9315514131003347,8.16798327061922,0.6618229959303189,0.43801470438949186,,,,0.0,0.0,0.0,0.0,0.0,39.95824842154429,0.4034267987166556,-0.04197117842966602,-0.04655412854023411,1.557987166105252,0.04655412854023411
4,Ampad,0.4147232169627692,2.2362278677829774,0.622040204907398,0.574798751671486,0.2976791781575801,1.3152128089879498,-0.3859052134815098,-0.24814846708050467,0.1545463613354203,-0.0926303231565193,0.15508151818698437,0.5486010172283744,0.8474681560384395,13.219368610942832,0.4072070907235612,0.165898128388756,,,,0.0,0.0,0.0,0.0,0.0,39.63843096448885,0.4147232169627692,2.2362278677829774,0.622040204907398,0.574798751671486,0.2976791781575801,1.3152128089879498,-0.3859052134815098,-0.24814846708050467,0.1545463613354203,-0.0926303231565193,0.15508151818698437,0.5486010172283744,0.8474681560384395,13.219368610942832,0.4072070907235612,0.165898128388756,,,,0.0,0.0,0.0,0.0,0.0,39.63503975439842,0.40612033444842993,10153343107.597548,0.6091313156617915,0.5666894884649193,0.2896101532244559,1.1845320048864016,-0.3565603777744452,-0.19420713105453347,0.17730262336426256,-0.1222521483827677,0.16826800300806102,0.23458802339618756,0.9601918600989165,4.818199882702129,0.8605694255136858,0.7405860499284632,,,,0.0,0.0,0.0,0.0,0.0,39.64232768844344,0.4055328282612922,798688771.6407564,0.6082469870126457,0.5664923219348669,0.2977876990678821,1.2768538544975039,-0.3793366007071559,-0.2564339047737101,0.13809611335625804,-0.08586345943075818,0.14294294629636764,0.5300068060114296,0.8378560288316979,13.287137680002443,0.4034345162166224,0.16281804042633202,,,,0.0,0.0,0.0,0.0,0.0,39.634637272213425,0.4147232169627692,-0.008602882514339272,0.0005875061871377096,1.6410995966352606,0.009190388701476981
5,Khanpur,0.3846586815266952,2.1738411744910104,0.5769474377716396,0.5376401803832503,0.2683018169901843,1.1937118244327458,-0.35609931977438536,-0.23073432095006696,0.13999965383704233,-0.08043515527474089,0.1446006051430243,0.5115990186375322,0.8701108401112806,12.291051268397997,0.4696487777971573,0.22061877935547192,,,,0.0,0.0,0.0,0.0,0.0,39.495329408205016,0.3846586815266952,2.1738411744910104,0.5769474377716396,0.5376401803832503,0.2683018169901843,1.1937118244327458,-0.35609931977438536,-0.23073432095006696,0.13999965383704233,-0.08043515527474089,0.1446006051430243,0.5115990186375322,0.8701108401112806,12.291051268397997,0.4696487777971573,0.22061877935547192,,,,0.0,0.0,0.0,0.0,0.0,39.4919354391927,0.36071120585816346,4101947491.244815,0.5410235566705476,0.5144565653923956,0.23177160835976282,1.0529846498966076,-0.32779393303776544,-0.2302840506368655,0.10832244017822495,-0.06161307861375771,0.15386589898760528,0.3654859577718861,0.9034522027924299,9.970714752363406,0.6224673348966893,0.3874812755833908,,,,0.0,0.0,0.0,0.0,0.0,39.49922941083747,0.34538708975613297,2.2147149610148027,0.518036505246786,0.497481358078534,0.24594385418151868,1.0550330106884005,-0.3301076857395535,-0.24469639374122465,0.09549772649173442,-0.050667974361896975,0.12070961285848981,0.4686811576264254,0.8645681257695984,12.390381680099274,0.4683443207486164,0.21938949589810183,,,,0.0,0.0,0.0,0.0,0.0,39.4915405916617,0.3846586815266952,-0.023947475668531726,0.015324116102030494,1.475415658667687,0.03927159177056222
6,Ankod,0.3945538430340794,2.1730331383205916,0.5917891118181156,0.5485814946077983,0.27540362625526,1.2385429012452236,-0.3652678655214829,-0.2352060516601991,0.14555161979622896,-0.08523231192807561,0.14389600156146612,0.4290683132273432,0.8910274078585212,11.777080446112294,0.5100681049076208,0.26019589159296524,,,,0.0,0.0,0.0,0.0,0.0,39.47342246510833,0.3945538430340794,2.1730331383205916,0.5917891118181156,0.5485814946077983,0.27540362625526,1.2385429012452236,-0.3652678655214829,-0.2352060516601991,0.14555161979622896,-0.08523231192807561,0.14389600156146612,0.4290683132273432,0.8910274078585212,11.777080446112294,0.5100681049076208,0.26019589159296524,,,,0.0,0.0,0.0,0.0,0.0,39.470028596670986,0.341583394669577,1050580686.5422347,0.5123327047957648,0.4933371652779069,0.2133576485218243,0.9919833790586725,-0.3148166484576631,-0.23181561116426705,0.0920967643526978,-0.046003003474111265,0.14633095743739297,0.22810216180864026,0.9393958867900494,7.21172174167191,0.7331094762162973,0.537461026743806,,,,0.0,0.0,0.0,0.0,0.0,39.477325787009235,0.3509460242986109,498677380.4934812,0.5263735297681409,0.5031875662936867,0.2486102753602535,1.0797376847838365,-0.3355034033512569,-0.2479204003827562,0.0982265677091108,-0.05245233913527991,0.11570789162659137,0.49007338936536804,0.8723641886668998,12.116352189489984,0.5069997986691502,0.257073264654055,,,,0.0,0.0,0.0,0.0,0.0,39.469639242375024,0.3945538430340794,-0.05297044836450243,-0.009362629629033892,1.4816371050363466,0.05297044836450243
7,Singrot,0.43028034932618403,21174155.07566809,0.6453740548275332,0.5872009130923912,0.31169094561589844,1.3956321175974558,-0.3951541705190229,-0.23684516706744008,0.17810860562899267,-0.11365220497010316,0.16377060937287805,0.3493440368764145,0.8891404272568268,11.163657514756624,0.4741145568050133,0.22484184933925636,,,,0.0,0.0,0.0,0.0,0.0,39.7784412271627,0.43028034932618403,21174155.07566809,0.6453740548275332,0.5872009130923912,0.31169094561589844,1.3956321175974558,-0.3951541705190229,-0.23684516706744008,0.17810860562899267,-0.11365220497010316,0.16377060937287805,0.3493440368764145,0.8891404272568268,11.163657514756624,0.4741145568050133,0.22484184933925636,,,,0.0,0.0,0.0,0.0,0.0,39.77504627494869,0.4467583640317465,416913730.02751255,0.6700838683035925,0.6087101689714826,0.32211643918892396,1.3758011647852018,-0.39569081337371875,-0.22696118883472088,0.18774310387830162,-0.12810668319183008,0.1773217340286604,0.3945960201022075,0.913484997518194,9.907615149937488,0.6124769027890398,0.3751375255338004,,,,0.0,0.0,0.0,0.0,0.0,39.782345782703814,0.44647678153413883,119747243.52785775,0.6696588469054608,0.5987765888187939,0.3244369992776803,1.5114294564316353,-0.4091217065741201,-0.2606376334004657,0.17086811812928027,-0.11270385560251613,0.15876827345391648,0.43393518633164424,0.8595405774936947,12.216374824144166,0.44901053036979954,0.2016466100780902,,,,0.0,0.0,0.0,0.0,0.0,39.77466175844434,0.4467583640317465,0.016478014705562483,0.0002815824976076797,1.7537958442182533,0.016478014705562483
8,Undera,0.3826219968505596,553865902.4012144,0.5738925267384338,0.5261765592630152,0.2701498327697752,1.236444733417406,-0.35425516380532013,-0.2155752769415042,0.15581393709750618,-0.09512392703077574,0.14313768854654377,0.3267250621689609,0.9147763776164041,9.844994830360994,0.6145033908047318,0.377624045380707,,,,0.0,0.0,0.0,0.0,0.0,39.37962682115616,0.3826219968505596,553865902.4012144,0.5738925267384338,0.5261765592630152,0.2701498327697752,1.236444733417406,-0.35425516380532013,-0.2155752769415042,0.15581393709750618,-0.09512392703077574,0.14313768854654377,0.3267250621689609,0.9147763776164041,9.844994830360994,0.6145033908047318,0.377624045380707,,,,0.0,0.0,0.0,0.0,0.0,39.37623686466395,0.3376431674688178,254284521.95392236,0.5064219115976825,0.4777452894183362,0.22390690526136375,1.055466635202364,-0.314962794196932,-0.22753541743187589,0.09964380136936851,-0.05605653503643529,0.1405054903919365,0.4088888559741522,0.8918953102534612,10.42527165862287,0.6050462385426248,0.3660934096531138,,,,0.0,0.0,0.0,0.0,0.0,39.383524538987565,0.3455121678439064,2.5190845503745884,0.5182224206485847,0.4919665506118478,0.2483299790821451,1.050167281137539,-0.3230268291993662,-0.22295039822666987,0.11159746497130107,-0.06670342318730926,0.12252973640987948,0.25893944223816545,0.9062814130278641,10.073868757262028,0.5515844092681071,0.30426683147313216,,,,0.0,0.0,0.0,0.0,0.0,39.3758517600846,0.3826219968505596,-0.0449788293817418,-0.007869000375088642,1.4483993290138433,0.0449788293817418
9,Sherkhi,0.41813915540206453,445103859.80543834,0.6271641210234867,0.5781659159037044,0.30247426023090584,1.328960589312356,-0.387221585882563,-0.24557849531371842,0.1589942454621735,-0.09754986401427468,0.15741638315449274,0.43881177831036394,0.8631433848330272,12.784385134141715,0.41735077709794555,0.17426152288625352,,,,0.0,0.0,0.0,0.0,0.0,39.637935053982666,0.41813915540206453,445103859.80543834,0.6271641210234867,0.5781659159037044,0.30247426023090584,1.328960589312356,-0.387221585882563,-0.24557849531371842,0.1589942454621735,-0.09754986401427468,0.15741638315449274,0.43881177831036394,0.8631433848330272,12.784385134141715,0.41735077709794555,0.17426152288625352,,,,0.0,0.0,0.0,0.0,0.0,39.63453940611707,0.44863966913864023,2.5694753099960694,0.672907298131934,0.6063403530637408,0.31142303855781606,1.4232231416523728,-0.3993780486296759,-0.25184192067886124,0.16766916231889795,-0.11142719003108847,0.17583824689269506,0.43114603374473437,0.9016186319147327,10.13102928312156,0.6141784555627583,0.377231127380442,,,,0.0,0.0,0.0,0.0,0.0,39.64183937843225,0.4217010707682585,609596815.742175,0.6324985180173555,0.5815104319457316,0.3108354382794786,1.3343217594346315,-0.38795091090493067,-0.24944909617140257,0.15574329523111655,-0.10167025695376787,0.14768184696464282,0.5387804504034789,0.834337246545638,14.034664899396555,0.3880431512184941,0.15062972954425843,,,,0.0,0.0,0.0,0.0,0.0,39.63415443612631,0.44863966913864023,0.030500513736575696,0.026938598370381706,1.7066190507110277,0.030500513736575696
10,Bajwa,0.2224486898663409,-1.5912535632521192,0.3336398385675406,0.36330637262248133,0.14486185198659995,0.39972779587227486,-0.16595433775139232,-0.052666894796272255,0.11429501521870272,-0.0964824557092575,0.10993403055664798,0.0073958885081637435,0.999627331479098,0.028044101673779027,0.9995640840458764,0.9991283604720387,,,,0.0,0.0,0.0,0.0,0.0,39.39253898329183,0.2224486898663409,-1.5912535632521192,0.3336398385675406,0.36330637262248133,0.14486185198659995,0.39972779587227486,-0.16595433775139232,-0.052666894796272255,0.11429501521870272,-0.0964824557092575,0.10993403055664798,0.0073958885081637435,0.999627331479098,0.028044101673779027,0.9995640840458764,0.9991283604720387,,,,0.0,0.0,0.0,0.0,0.0,39.38914684196804,0.26319260234080943,1.9895713155259749,0.39475506057424103,0.3877728891076815,0.17545674385389445,0.7681983317777765,-0.24724877326570163,-0.1849678081011402,0.0696636486376679,-0.03837537968115846,0.11305092737301982,0.35690595428924665,0.9136853532564462,8.409663760635327,0.7113508733369752,0.5060345031399913,,,,0.0,0.0,0.0,0.0,0.0,39.39644096017858,0.25537445954052496,1998528129.0422344,0.383027208862781,0.3804985489065121,0.18141913892472772,0.7612505935980639,-0.2518392404229119,-0.18683947829835315,0.0715193572076032,-0.030971409393938113,0.09618795059981841,0.3778627136913388,0.8849701495357738,11.233594758358265,0.5357885306916226,0.2871015969629183,,,,0.0,0.0,0.0,0.0,0.0,39.38877153348107,0.26319260234080943,0.04074391247446854,0.007818142800284478,0.9634644416140161,0.04074391247446854
11,Chhani,0.22627004766551329,270476091.74881357,0.3393814286378121,0.34288432040487166,0.1525477375850687,0.7024879714578531,-0.23635526980729113,-0.18294245325353378,0.058737318759731934,-0.012548051463037809,0.09022715099658914,0.25480417422342355,0.9159777147458836,9.666474406386927,0.5882466968435562,0.34604854337933705,,,,0.0,0.0,0.0,0.0,0.0,39.199818100752324,0.22627004766551329,270476091.74881357,0.3393814286378121,0.34288432040487166,0.1525477375850687,0.7024879714578531,-0.23635526980729113,-0.18294245325353378,0.058737318759731934,-0.012548051463037809,0.09022715099658914,0.25480417422342355,0.9159777147458836,9.666474406386927,0.5882466968435562,0.34604854337933705,,,,0.0,0.0,0.0,0.0,0.0,39.196427080000774,0.23047729119630464,45552830.402082264,0.3456876054670789,0.3481436279525813,0.14327194124423068,0.6711550165681595,-0.22497125125800324,-0.18614521991289726,0.043734221531077234,-0.014274047691157966,0.1033347329260999,0.04148920968294968,0.9803189296040078,2.8274384120858596,0.8818588190489581,0.7776827378415276,,,,0.0,0.0,0.0,0.0,0.0,39.20371741681075,0.2409951950825123,613415957.3889527,0.36146146491261266,0.3651895312583558,0.16570843861878828,0.7363350082717077,-0.24809155383517162,-0.20927589931337107,0.04356313442081385,-0.0070941319847908435,0.07833969845916305,0.20938345933736846,0.9079054073836027,10.146452363808823,0.49033356752372026,0.24049029635166172,,,,0.0,0.0,0.0,0.0,0.0,39.196045721730975,0.2409951950825123,0.004207243530791355,-0.010517903886207658,0.9240125816098436,0.014725147416999013
12,Kotna,0.30240184140917187,1283326258.1647763,0.4535701685737677,0.4229917279873046,0.2137224890679125,0.9610014957565842,-0.2807735574480331,-0.18050932596529784,0.11262440137071701,-0.06413741394069196,0.12366226228947648,0.290652601684224,0.9099425430435724,11.414945117062551,0.5083986129547726,0.2584968485320704,,,,0.0,0.0,0.0,0.0,0.0,39.874888633177854,0.30240184140917187,1283326258.1647763,0.4535701685737677,0.4229917279873046,0.2137224890679125,0.9610014957565842,-0.2807735574480331,-0.18050932596529784,0.11262440137071701,-0.06413741394069196,0.12366226228947648,0.290652601684224,0.9099425430435724,11.414945117062551,0.5083986129547726,0.2584968485320704,,,,0.0,0.0,0.0,0.0,0.0,39.87148958607216,0.3276500625759392,-1184710526.7853057,0.49143823380689283,0.41778761053459307,0.2279608693608458,1.0802191640782781,-0.29051524407635076,-0.1672691821003008,0.13924942815709976,-0.08404899323789819,0.14579464240784187,0.31127897712164515,0.9079632446000371,9.726257486161987,0.6055113124202695,0.36665620770094526,,,,0.0,0.0,0.0,0.0,0.0,39.878801183598355,0.3278238608925192,-84491593.86583133,0.4916965109633322,0.436177295121743,0.23001448496748195,1.1011087528128347,-0.29029363298431726,-0.1910680816443286,0.11559248804032929,-0.07562499446871179,0.12300798610741938,0.31887242112912184,0.8994386297142456,9.925899820315559,0.5854947130100101,0.3428187418954308,,,,0.0,0.0,0.0,0.0,0.0,39.87112343596413,0.3278238608925192,0.025248221166767337,-0.00017379831657998723,1.2602776062868022,0.025422019483347325
13,Koyali,0.370792558714967,63498833.95989258,0.5561503023532094,0.5187854308671009,0.26184570035636995,1.1345417045356545,-0.3413698671475325,-0.21400181691810286,0.14125935400775613,-0.08473629109655387,0.13896160800981025,0.21512483833416768,0.9498538574454906,6.813133849797392,0.7636843077651444,0.5832168823059516,,,,0.0,0.0,0.0,0.0,0.0,39.5546213237204,0.370792558714967,63498833.95989258,0.5561503023532094,0.5187854308671009,0.26184570035636995,1.1345417045356545,-0.3413698671475325,-0.21400181691810286,0.14125935400775613,-0.08473629109655387,0.13896160800981025,0.21512483833416768,0.9498538574454906,6.813133849797392,0.7636843077651444,0.5832168823059516,,,,0.0,0.0,0.0,0.0,0.0,39.55122925877719,0.3165451159022109,1121387889.0288684,0.47477823658215396,0.4477551394562309,0.20792256268461573,0.9866873740790777,-0.29675293351954335,-0.2243885404849406,0.08343574984179931,-0.04443023798134363,0.1253065135842969,0.09760352394257622,0.9559353429172978,6.7831476231739005,0.6583958050584452,0.43350762996307235,,,,0.0,0.0,0.0,0.0,0.0,39.55852356780033,0.31190669407820565,78881888.79934776,0.46781899762312346,0.449875997516933,0.22126457189643148,0.9583767894475201,-0.30038916792656567,-0.22693013456484426,0.08294698095363001,-0.04358798975150291,0.10358756671022375,0.11758386859561615,0.9450286797888283,7.732980409809582,0.5980912201380667,0.3577480064809945,,,,0.0,0.0,0.0,0.0,0.0,39.550854503463384,0.370792558714967,-0.05424744281275612,0.004638421824005257,1.3700369274103505,0.058885864636761376
14,Dhanora,0.4215428580782099,2.585007120970293,0.6322707196262938,0.5810673353902862,0.30520126297681965,1.3140313930302534,-0.38337692181994043,-0.2330563794608886,0.1678309454355373,-0.10746684594272735,0.15859207259383323,0.3833777995188106,0.9231021561283577,8.870116919462358,0.6468739201375899,0.4184580427105593,,,,0.0,0.0,0.0,0.0,0.0,39.65410730374062,0.4215428580782099,2.585007120970293,0.6322707196262938,0.5810673353902862,0.30520126297681965,1.3140313930302534,-0.38337692181994043,-0.2330563794608886,0.1678309454355373,-0.10746684594272735,0.15859207259383323,0.3833777995188106,0.9231021561283577,8.870116919462358,0.6468739201375899,0.4184580427105593,,,,0.0,0.0,0.0,0.0,0.0,39.65070547974646,0.4318242162821305,2835648150.878845,0.6476852295226576,0.5871109707260886,0.3003886777889837,1.3732561748068954,-0.38678257050598813,-0.2569190908060811,0.14851618437440728,-0.09746566672587377,0.16453525557161391,0.35941214045136133,0.9194777391013795,8.741507587982138,0.6694560169064929,0.44818177639963036,,,,0.0,0.0,0.0,0.0,0.0,39.65802237674473,0.40874007870159995,2.7773497739312,0.6130572423813606,0.567800432461264,0.29658497422956315,1.2688626118149093,-0.37503766886058604,-0.2506540895204036,0.13986049798682373,-0.09117262707880563,0.1461588280526891,0.2514504513977641,0.9088315997043066,9.99186121998459,0.5431378710540118,0.2950239667190294,,,,0.0,0.0,0.0,0.0,0.0,39.65034526586747,0.4318242162821305,0.01028135820392062,0.023084137580530573,1.6836500111401504,0.023084137580530573
15,Karchiya,0.15861093826148795,3264526689.995478,0.23789813398171017,0.2457435008982225,0.10768047429241764,0.44571092679737734,-0.16011734869615402,-0.1300255267602006,0.03295240162196137,-0.010442413718058218,0.06999023210028645,0.07105229117457514,0.975722358839473,3.41642996087083,0.8898258966319003,0.7917942763744594,,,,0.0,0.0,0.0,0.0,0.0,39.47862492627979,0.15861093826148795,3264526689.995478,0.23789813398171017,0.2457435008982225,0.10768047429241764,0.44571092679737734,-0.16011734869615402,-0.1300255267602006,0.03295240162196137,-0.010442413718058218,0.06999023210028645,0.07105229117457514,0.975722358839473,3.41642996087083,0.8898258966319003,0.7917942763744594,,,,0.0,0.0,0.0,0.0,0.0,39.47523067506932,0.20731338315844713,-270712665.59961975,0.31094302368519766,0.3158513405174036,0.127813815863004,0.597890955707837,-0.20575411071864894,-0.1999741330042307,0.008562052536444795,0.008649446443621813,0.08292868197144702,0.1104957750789701,0.958069407746737,5.771060041538316,0.7660850446909288,0.5868915726276358,,,,0.0,0.0,0.0,0.0,0.0,39.48253120458548,0.2453032374488432,1445801528.2915177,0.3679211673535455,0.3714047776728878,0.1689077726945107,0.7162180015581541,-0.24410929782481885,-0.21125319214960817,0.03716586192036925,-0.009583230146273568,0.07537069901802783,0.3043057730132264,0.8935565974966135,11.035689945825983,0.5305255043327819,0.2814718633423928,,,,0.0,0.0,0.0,0.0,0.0,39.47486523230915,0.2453032374488432,0.048702444896959185,-0.03798985429039606,0.7698384971302662,0.08669229918735524
16,Dashrath,0.31946034917716865,1375764660.7045507,0.47915723908634283,0.4701520865458473,0.2272695582236376,0.9639893181528698,-0.3124188584193183,-0.2185651283046509,0.1027286555491662,-0.050935213373425194,0.11515359084204974,0.1757878132071462,0.9505745306580473,7.3922112587836555,0.7352310302008241,0.5405677707731555,,,,0.0,0.0,0.0,0.0,0.0,39.331436760626026,0.31946034917716865,1375764660.7045507,0.47915723908634283,0.4701520865458473,0.2272695582236376,0.9639893181528698,-0.3124188584193183,-0.2185651283046509,0.1027286555491662,-0.050935213373425194,0.11515359084204974,0.1757878132071462,0.9505745306580473,7.3922112587836555,0.7352310302008241,0.5405677707731555,,,,0.0,0.0,0.0,0.0,0.0,39.32804206838935,0.27575408232183596,415458063.20887274,0.41359875657549683,0.4081014667115683,0.1733296847277278,0.7895773416968362,-0.25940527885176323,-0.1888901738034011,0.07736176774178342,-0.03884460908560956,0.12270401653857885,0.05610001728071544,0.9808043660801601,3.287990237619054,0.8918750253310459,0.7954424353675912,,,,0.0,0.0,0.0,0.0,0.0,39.33534351518185,0.3188905593105036,882090463.883974,0.47829402579002644,0.4639255595265456,0.22472675423808425,0.9836508677876051,-0.31197646616498365,-0.2381498942337726,0.08256725533213327,-0.03872300113566133,0.09960783123159046,0.18263846513886442,0.9171199272262239,9.776953742325327,0.5019139771519195,0.2519702090279457,,,,0.0,0.0,0.0,0.0,0.0,39.327677777610376,0.31946034917716865,-0.04370626685533269,-0.04313647698866763,1.2335653399866768,0.04370626685533269
17,Angadh,0.3810603024301023,203093407.3430663,0.5715503499870288,0.5382157124097309,0.2704493103568509,1.1926189836414922,-0.35912993001145893,-0.23422525413115794,0.13913806310504415,-0.07917302620462775,0.1400339783679128,0.33177104397886864,0.930782364653811,8.400205808581266,0.6672203869244666,0.4451902264232319,,,,0.0,0.0,0.0,0.0,0.0,39.76103596028693,0.3810603024301023,203093407.3430663,0.5715503499870288,0.5382157124097309,0.2704493103568509,1.1926189836414922,-0.35912993001145893,-0.23422525413115794,0.13913806310504415,-0.07917302620462775,0.1400339783679128,0.33177104397886864,0.930782364653811,8.400205808581266,0.6672203869244666,0.4451902264232319,,,,0.0,0.0,0.0,0.0,0.0,39.757633946240965,0.43924937393722324,195272060.15722007,0.6588225415362862,0.5830267440981809,0.3030482765869676,1.4545301432434556,-0.3945253696046133,-0.2558576932187214,0.16010443252936163,-0.10275333162006704,0.1701899379331223,0.21907701963627008,0.9350839927275287,8.048840231146599,0.6661842563614376,0.4438084381717157,,,,0.0,0.0,0.0,0.0,0.0,39.76495244217723,0.39978271766215967,228992883.47354972,0.5996225055425818,0.5579039634576419,0.2861601943548212,1.2413078740257917,-0.36897375403931054,-0.2501723280244605,0.13349502719321688,-0.08499040055949172,0.14400929610581684,0.24952367504976503,0.9151448884429964,9.252882806623418,0.5884486926398464,0.3462820513653279,,,,0.0,0.0,0.0,0.0,0.0,39.757276918414846,0.43924937393722324,0.05818907150712094,0.03946665627506357,1.6011526964595877,0.05818907150712094
18,Ranoli,0.30395542898347944,5524100348.944751,0.45590025773793647,0.4450506382231686,0.2191267191537973,0.8908531316090595,-0.2864079672777824,-0.19544191389099175,0.100024459105242,-0.057792299960611616,0.11963371259648688,0.2702386614858556,0.9286230000170685,9.448871395863106,0.6244810479698176,0.3899868405037545,,,,0.0,0.0,0.0,0.0,0.0,39.55322309898647,0.30395542898347944,5524100348.944751,0.45590025773793647,0.4450506382231686,0.2191267191537973,0.8908531316090595,-0.2864079672777824,-0.19544191389099175,0.100024459105242,-0.057792299960611616,0.11963371259648688,0.2702386614858556,0.9286230000170685,9.448871395863106,0.6244810479698176,0.3899868405037545,,,,0.0,0.0,0.0,0.0,0.0,39.54982661490483,0.3382100056198504,4722356168.0637455,0.5072757016331284,0.4720078092524794,0.2243160981778977,1.039600623579686,-0.30718707949432833,-0.21456720820514935,0.10530768259023658,-0.06602924541503068,0.14150534815431165,0.26879429305024927,0.9325964784102205,8.418585030206236,0.6808380460419106,0.46354905655454737,,,,0.0,0.0,0.0,0.0,0.0,39.55713388718449,0.33526058281256427,934489815.6069673,0.5028481863768662,0.4752177656057426,0.24235893428852062,1.059130263398622,-0.319494367372158,-0.2268085438669251,0.10464797799293368,-0.0608037924063554,0.11385375402895,0.3131866594573869,0.8882880881043836,12.126292750819845,0.4675548457182032,0.21862998951368745,,,,0.0,0.0,0.0,0.0,0.0,39.549471521986575,0.3382100056198504,0.03425457663637094,0.002949422807286106,1.2813814463993736,0.03425457663637094
19,Ajod,0.26010217181101514,1.8471342152457506,0.39012343295226265,0.40349026218545414,0.18380810522607127,0.7601078662184585,-0.26798325267238965,-0.22013233026922002,0.051845227030515424,-0.012931417371173752,0.0921640360934195,0.30881834473394143,0.9092595938168502,11.670890798606333,0.48237086370454707,0.2327180498571602,,,,0.0,0.0,0.0,0.0,0.0,39.32901108930564,0.26010217181101514,1.8471342152457506,0.39012343295226265,0.40349026218545414,0.18380810522607127,0.7601078662184585,-0.26798325267238965,-0.22013233026922002,0.051845227030515424,-0.012931417371173752,0.0921640360934195,0.30881834473394143,0.9092595938168502,11.670890798606333,0.48237086370454707,0.2327180498571602,,,,0.0,0.0,0.0,0.0,0.0,39.32561416923852,0.30639564855111606,1.4305608177898872,0.45955646573937137,0.4503555447711284,0.19006011819384816,0.9314581244761057,-0.2996877051567685,-0.24099648864564105,0.06603531815302026,-0.021512238497841167,0.12759909702404196,0.19534778300652272,0.9633077046366693,4.807585325661101,0.8516388316214047,0.7252919988171389,,,,0.0,0.0,0.0,0.0,0.0,39.3329221468222,0.3235593413891491,1.833357103225908,0.4852977482062056,0.47344301546874273,0.22645573250708875,1.0195737444857103,-0.3242690418289484,-0.25606696673935225,0.07626880426432223,-0.029983239286821686,0.09504022123416728,0.39869444172753565,0.8776313976561059,12.632808499022186,0.430527545985384,0.18541216559156265,,,,0.0,0.0,0.0,0.0,0.0,39.32525978142603,0.3235593413891491,0.046293476740100925,-0.01716369283803304,1.1501593335622955,0.06345716957813397
20,Sisva,0.2773503440054047,1.5515484806671136,0.4159941357303982,0.4243027420955099,0.19605436219846095,0.8331110142791819,-0.2861815829217924,-0.24218645734413785,0.04852279963217972,-0.008325550569452932,0.10176124690722099,0.4022119533889846,0.8962982910305923,12.126523244439365,0.4886649200622141,0.2388260534033639,,,,0.0,0.0,0.0,0.0,0.0,39.18977104620382,0.2773503440054047,1.5515484806671136,0.4159941357303982,0.4243027420955099,0.19605436219846095,0.8331110142791819,-0.2861815829217924,-0.24218645734413785,0.04852279963217972,-0.008325550569452932,0.10176124690722099,0.4022119533889846,0.8962982910305923,12.126523244439365,0.4886649200622141,0.2388260534033639,,,,0.0,0.0,0.0,0.0,0.0,39.18637482795026,0.27819851565600995,5158800568.873367,0.41726256350436625,0.42083174553417685,0.1779429954310315,0.7327856809127529,-0.25193659275745955,-0.15870686045672078,0.09851831969599723,-0.058050584576395094,0.13629912847766468,0.18296446966956809,0.973914537401025,3.2233588804991653,0.9141054373478292,0.8355909602088812,,,,0.0,0.0,0.0,0.0,0.0,39.193680389785385,0.3336146279893155,2.0955549490847716,0.5003777737314165,0.48657606174763024,0.23658594653747936,1.0320359762400386,-0.3278583494304359,-0.25382304489012575,0.08249208660320063,-0.03794932589366735,0.10238637191161844,0.38427273771629605,0.8831537143033753,12.433512049441088,0.4577682298687711,0.20959698443005226,,,,0.0,0.0,0.0,0.0,0.0,39.18601654900394,0.3336146279893155,0.000848171650605245,-0.05541611233330557,1.1665138316561348,0.05626428398391081
21,Padmala,0.33549421449661126,2.031110009318701,0.5032057207704499,0.49007371486787515,0.23851556695841938,1.003480624260853,-0.3222477653575415,-0.22230738672084818,0.10967938576935654,-0.05770949092679581,0.12596450856310745,0.23015590850750076,0.9513200303668402,6.6283338664632865,0.7691076565043429,0.5915306259535911,,,,0.0,0.0,0.0,0.0,0.0,39.522492859766544,0.33549421449661126,2.031110009318701,0.5032057207704499,0.49007371486787515,0.23851556695841938,1.003480624260853,-0.3222477653575415,-0.22230738672084818,0.10967938576935654,-0.05770949092679581,0.12596450856310745,0.23015590850750076,0.9513200303668402,6.6283338664632865,0.7691076565043429,0.5915306259535911,,,,0.0,0.0,0.0,0.0,0.0,39.51909415250137,0.3797466380896338,2.018411452313409,0.5695763276310574,0.5275816072156053,0.24894270690114145,1.1666351801643977,-0.34437108651659304,-0.2335801049405303,0.12496838694879753,-0.07703919872442687,0.1602885685657638,0.25998729618585203,0.9389136597211476,7.718621887177017,0.7220367677065995,0.5213444734842132,,,,0.0,0.0,0.0,0.0,0.0,39.52640786947717,0.382728977056747,2.4785705688098543,0.5740447331351728,0.5362855898044547,0.27665298740547906,1.2102916393729126,-0.35987152787151827,-0.2520371605828761,0.12167382021028883,-0.07387480479324258,0.1293840447146842,0.4035070495900902,0.8836693520469645,12.191816773229707,0.4776131924855307,0.22813592040603692,,,,0.0,0.0,0.0,0.0,0.0,39.51874878589385,0.382728977056747,0.04425242359302256,-0.002982338967113196,1.4334640441396034,0.04723476256013576
22,Sokhda,0.311387626701246,29897751.30780437,0.4670478672807955,0.46000632880101094,0.2173821573376589,1.0070910646802593,-0.32205579671730006,-0.25842180077609445,0.07145744948529446,-0.020764544026952873,0.1108681032785,0.2891332051534193,0.9137146970180371,10.885480255541307,0.5066885988297427,0.2567644840482153,,,,0.0,0.0,0.0,0.0,0.0,39.34248975767617,0.311387626701246,29897751.30780437,0.4670478672807955,0.46000632880101094,0.2173821573376589,1.0070910646802593,-0.32205579671730006,-0.25842180077609445,0.07145744948529446,-0.020764544026952873,0.1108681032785,0.2891332051534193,0.9137146970180371,10.885480255541307,0.5066885988297427,0.2567644840482153,,,,0.0,0.0,0.0,0.0,0.0,39.33909017403123,0.3413921361028912,1183504464.8928246,0.5120482749744382,0.49059037251918713,0.2164225361937407,1.0528225187371956,-0.3269125786250069,-0.24945922304814155,0.0874861405539577,-0.03865555361960554,0.13755626959654602,0.21196512462198103,0.9286473556214387,9.158422971906358,0.6027233066705068,0.3632906409314445,,,,0.0,0.0,0.0,0.0,0.0,39.34640600171102,0.3481192160643884,2.0511947541560334,0.5221337689916379,0.5024999112558596,0.2452448805267531,1.093287450884675,-0.34090358514407704,-0.2669156780665003,0.08343791119831459,-0.03957422139843112,0.10894717589621096,0.3911932778191981,0.8735859864173433,12.62804169002617,0.42980571020188396,0.1847812469813251,,,,0.0,0.0,0.0,0.0,0.0,39.33874771638823,0.3481192160643884,0.03000450940164523,-0.006727079961497184,1.3122866055697715,0.036731589363142414
23,Vasna-Kotariya,0.32413536793458536,1.4795020133006291,0.48616874665223875,0.4792933895097134,0.22760233174956487,1.0716274114547129,-0.34099299159480784,-0.2781234658484372,0.07081396808345881,-0.01694724209518173,0.12331958572064027,0.34103869276014953,0.9281224359751215,8.841201363038024,0.6232785161264718,0.3884893635951252,,,,0.0,0.0,0.0,0.0,0.0,39.39854113023938,0.32413536793458536,1.4795020133006291,0.48616874665223875,0.4792933895097134,0.22760233174956487,1.0716274114547129,-0.34099299159480784,-0.2781234658484372,0.07081396808345881,-0.01694724209518173,0.12331958572064027,0.34103869276014953,0.9281224359751215,8.841201363038024,0.6232785161264718,0.3884893635951252,,,,0.0,0.0,0.0,0.0,0.0,39.395137244515084,0.37431543101357273,1.9441817292915027,0.5614302802642087,0.5317528678690732,0.24189348663405175,1.1093610221520007,-0.34280383807793235,-0.22872056871013347,0.12613481840107257,-0.07395033196682951,0.15939619204253686,0.32231294686570744,0.9450383134935346,6.333880059912641,0.8015534414885245,0.6424925873958611,,,,0.0,0.0,0.0,0.0,0.0,39.4024635682241,0.37593909103019146,2.1416157721956077,0.5638602330257529,0.5341386975347469,0.27045353807632894,1.2152214850121392,-0.36816711068613367,-0.2784243994800413,0.1017630098002543,-0.052763552478115774,0.12276317459420609,0.6081774503723127,0.8361721037371099,13.820705255300142,0.3949770623313211,0.15606073481042557,,,,0.0,0.0,0.0,0.0,0.0,39.39480949319467,0.37593909103019146,0.05018006307898737,-0.0016236600166187332,1.3985252579129348,0.0518037230956061
24,Asoj,0.25598054569241585,198381676.04274234,0.38394088098677587,0.3960316933624193,0.17711991955338427,0.7950681205572219,-0.27527150933440087,-0.2544938914741369,0.023600302872718564,0.012539290688336263,0.10197472802652255,0.16777683808438718,0.9470041988113728,8.467214568316228,0.6308133931732148,0.3979382267183698,,,,0.0,0.0,0.0,0.0,0.0,39.08839048540406,0.25598054569241585,198381676.04274234,0.38394088098677587,0.3960316933624193,0.17711991955338427,0.7950681205572219,-0.27527150933440087,-0.2544938914741369,0.023600302872718564,0.012539290688336263,0.10197472802652255,0.16777683808438718,0.9470041988113728,8.467214568316228,0.6308133931732148,0.3979382267183698,,,,0.0,0.0,0.0,0.0,0.0,39.08491893799928,0.32169911578025173,2130987709.040771,0.4825088101403356,0.47114204095948925,0.2046703619405237,0.8995379604980542,-0.2948615954941986,-0.19797700052620554,0.10508299574876633,-0.05841683963105822,0.14714623226968115,0.22442132706277979,0.9431641235243778,7.7716587761619955,0.7054561916087879,0.49767471824296133,,,,0.0,0.0,0.0,0.0,0.0,39.09239544214323,0.3357989285258337,2.198391311317482,0.5036526961016893,0.4876006112646812,0.23722728474785215,1.0273146392467138,-0.32536898278288456,-0.2528820745414914,0.0811614489684576,-0.039975814582728614,0.11226469132564564,0.2700180391436799,0.9051018264637422,11.346486185720932,0.5001329970657702,0.25016047149876874,,,,0.0,0.0,0.0,0.0,0.0,39.084603830987774,0.3357989285258337,0.06571857008783588,-0.014099812745581974,1.169459135690917,0.07981838283341786
25,Pilol,0.23180589568277443,1.3253029325640258,0.34768225833044375,0.364332016568055,0.15815215050432285,0.6988670181932706,-0.2494107919245923,-0.2519542701941876,-0.0014466175897882383,0.026278178357900077,0.10578458494389466,0.2627968279605033,0.9206921323603392,10.7285943073105,0.5041085119329686,0.2541613215508252,,,,0.0,0.0,0.0,0.0,0.0,38.89191618905392,0.23180589568277443,1.3253029325640258,0.34768225833044375,0.364332016568055,0.15815215050432285,0.6988670181932706,-0.2494107919245923,-0.2519542701941876,-0.0014466175897882383,0.026278178357900077,0.10578458494389466,0.2627968279605033,0.9206921323603392,10.7285943073105,0.5041085119329686,0.2541613215508252,,,,0.0,0.0,0.0,0.0,0.0,38.88825729361138,0.3130798209255869,3835988827.5888853,0.4695777531562623,0.4615596761475641,0.20019163111606034,0.7979035623052377,-0.27077012492646496,-0.152241408981644,0.12530438667595628,-0.08152392817835767,0.14408872915126947,0.20458699014917262,0.9558439967880381,5.524682169840127,0.818298412446926,0.6696170066407579,,,,0.0,0.0,0.0,0.0,0.0,38.8957268737551,0.3627034591662069,2.578612544649476,0.5440042585989568,0.5213544692530896,0.25365065522679325,1.0604846593341235,-0.3355152340051648,-0.2324826773214172,0.11342436175858778,-0.06760634751273448,0.13998078714457687,0.3182842684483394,0.8837858878647389,12.055250096265025,0.4299064774992021,0.18490900160717363,,,,0.0,0.0,0.0,0.0,0.0,38.88794121462905,0.3627034591662069,0.08127392524281246,-0.049623638240619994,1.1393950714573426,0.13089756348343246
26,Manjusar,0.25270917426899886,295338137.60379773,0.3790356536152194,0.38477578861785333,0.17335043576074693,0.8044109922454473,-0.26911685536714053,-0.2483548145183103,0.024373511205262634,0.010492155142660694,0.09962589493509244,0.053296044249561865,0.9747562686859589,5.76293490932264,0.670447865660313,0.4495185497740345,,,,0.0,0.0,0.0,0.0,0.0,39.14521709084775,0.25270917426899886,295338137.60379773,0.3790356536152194,0.38477578861785333,0.17335043576074693,0.8044109922454473,-0.26911685536714053,-0.2483548145183103,0.024373511205262634,0.010492155142660694,0.09962589493509244,0.053296044249561865,0.9747562686859589,5.76293490932264,0.670447865660313,0.4495185497740345,,,,0.0,0.0,0.0,0.0,0.0,39.141730903732395,0.3252458600269274,2537943551.919996,0.4878281394382223,0.46695779048481767,0.20883145541345932,0.9262856615321642,-0.29209713477413474,-0.1915716167149692,0.11018123280536725,-0.0672030241960965,0.13749484920167532,0.1347897757381342,0.954863677172051,6.196607849425246,0.7660350388436786,0.5868155710129077,,,,0.0,0.0,0.0,0.0,0.0,39.14921289126774,0.30832446410764924,152654744.026025,0.4624453938003726,0.4519652476904917,0.2139891046811424,0.9271485141002573,-0.298966659338861,-0.237744590481402,0.0685491258206329,-0.031045690632055145,0.10560849500236909,0.077762102006259,0.9624896294091089,6.632889258608761,0.6351139981658354,0.40339723300406544,,,,0.0,0.0,0.0,0.0,0.0,39.14143330098851,0.3252458600269274,0.07253668575792854,0.01692139591927816,1.1389886726725744,0.07253668575792854
27,Alindra,0.19444666142811073,1.231597247415906,0.29164760496336306,0.3090887701879489,0.12995653504974464,0.5730314145000243,-0.208585242526092,-0.22011333354289367,-0.01085441678901832,0.02786951521756332,0.09365250942428648,0.15567640719425285,0.9504904223165954,7.507908464327948,0.6952257511144294,0.4833492486894165,,,,0.0,0.0,0.0,0.0,0.0,38.91273238247715,0.19444666142811073,1.231597247415906,0.29164760496336306,0.3090887701879489,0.12995653504974464,0.5730314145000243,-0.208585242526092,-0.22011333354289367,-0.01085441678901832,0.02786951521756332,0.09365250942428648,0.15567640719425285,0.9504904223165954,7.507908464327948,0.6952257511144294,0.4833492486894165,,,,0.0,0.0,0.0,0.0,0.0,38.90905780679,0.24427347802192365,2647228085.767045,0.36637751607537794,0.3704206762290301,0.1417052687460866,0.6358091492404396,-0.22131351864213963,-0.16202246292406225,0.06380886732168012,-0.03223324043311663,0.1278237750411749,0.14782354933894204,0.9522303449406196,6.652054310667505,0.739405871330209,0.5467340166824188,,,,0.0,0.0,0.0,0.0,0.0,38.91653963057067,0.26758013137993747,383146253.5623971,0.40133227147092654,0.4018139812767104,0.18356734881076325,0.780402811120444,-0.2625030335508668,-0.2297027148506707,0.03750832724419077,-0.00975278142953955,0.09921599823316402,0.10922192606611489,0.9479389745404803,7.325320113435505,0.6068804161303976,0.36836753625235413,,,,0.0,0.0,0.0,0.0,0.0,38.90875945624991,0.26758013137993747,0.04982681659381291,-0.023306653358013824,0.9007469322580826,0.07313346995182674
28,Kunpad,0.3184781342140408,1.531122029251577,0.4776836862488373,0.4713222133173068,0.22111103838333773,1.0530906698476097,-0.3350126186114481,-0.27383861326070025,0.06890000640497902,-0.014749701511798188,0.11967233832153311,0.42055898497145405,0.9276536825624214,8.756422952197266,0.6296227435796035,0.39644207019647926,,,,0.0,0.0,0.0,0.0,0.0,39.27952083282941,0.3184781342140408,1.531122029251577,0.4776836862488373,0.4713222133173068,0.22111103838333773,1.0530906698476097,-0.3350126186114481,-0.27383861326070025,0.06890000640497902,-0.014749701511798188,0.11967233832153311,0.42055898497145405,0.9276536825624214,8.756422952197266,0.6296227435796035,0.39644207019647926,,,,0.0,0.0,0.0,0.0,0.0,39.27611650669262,0.4104452499150435,2.1225615914969564,0.6156193160963223,0.5702195489535614,0.2718495723951005,1.2893392267320916,-0.37906362147988404,-0.26196247730067757,0.1326037219028496,-0.07727214272193735,0.16518752002465498,0.4425460243954025,0.8821486143441184,11.337138461039306,0.526045881509246,0.27674877282737276,,,,0.0,0.0,0.0,0.0,0.0,39.28344367707678,0.38069526563662576,2.2379955718502305,0.570993236042141,0.5404445006805478,0.2730385227763071,1.2158168025476503,-0.3685302116098332,-0.2766685214977306,0.10411261531389672,-0.05618992052251103,0.12589073045762186,0.5029252461238641,0.8547244394265056,12.73671294916873,0.43831915303411245,0.19217116596274933,,,,0.0,0.0,0.0,0.0,0.0,39.275789742774066,0.4104452499150435,0.09196711570100269,0.02974998427841774,1.428096783979751,0.09196711570100269
29,Jaspur,0.42719032925373707,-167148277.94647333,0.6407402692358837,0.5799491589886544,0.305266494596837,1.3819186160225783,-0.39029582706094107,-0.23233814810841863,0.17756601721090343,-0.11276286123528287,0.1637288733544599,0.2662362105963509,0.91532068883525,10.516959708023368,0.536891167879152,0.2882701036355085,,,,0.0,0.0,0.0,0.0,0.0,39.79115412624381,0.42719032925373707,-167148277.94647333,0.6407402692358837,0.5799491589886544,0.305266494596837,1.3819186160225783,-0.39029582706094107,-0.23233814810841863,0.17756601721090343,-0.11276286123528287,0.1637288733544599,0.2662362105963509,0.91532068883525,10.516959708023368,0.536891167879152,0.2882701036355085,,,,0.0,0.0,0.0,0.0,0.0,39.787766301567274,0.3692519159927662,2082406513.8612266,0.5538338110033636,0.4985268641183957,0.2584940913434906,1.1065554704358684,-0.3184917394642205,-0.1558362108008115,0.17800449588793812,-0.12015212512203222,0.16077403542340896,0.15830184728694693,0.951886401247224,7.3685569163368445,0.7495745782017061,0.5618635932546284,,,,0.0,0.0,0.0,0.0,0.0,39.79504659529575,0.4181052915624855,2.0844582567509806,0.6271054432874212,0.565144437981363,0.29949833591128605,1.4145294583562664,-0.38830637689184666,-0.26153261886345186,0.14643044101153302,-0.09170746925511285,0.14504241721002115,0.34181977559342425,0.8869313010443087,11.560264714090195,0.5181970192214305,0.2685407749691233,,,,0.0,0.0,0.0,0.0,0.0,39.78735393005114,0.42719032925373707,-0.05793841326097088,-0.048853375569719304,1.6417378660627258,0.05793841326097088
